reef_id,name,lat,lon,larval_input,larval_output,self_retention,connectivity_score,total_settlements,particles_released
0,Sipadan Barracuda Point,4.1150,118.6352,0.0000,0.6500,0.0000,0.4000,0,80
1,Sipadan Drop Off,4.1100,118.6282,0.0000,0.7250,0.0000,0.4462,0,80
2,Sipadan Turtle Cave,4.1180,118.6331,0.0000,0.7375,0.0000,0.4538,0,80
3,Sipadan West Ridge,4.1120,118.6251,0.0000,0.8125,0.0000,0.5000,0,80
4,Mabul Coral Garden,4.1500,118.6402,0.0000,0.3625,0.0000,0.2231,0,80
5,Mabul Lobster Wall,4.1450,118.6252,0.0000,0.7875,0.0000,0.4846,0,80
6,Mabul Jetty Reef,4.1520,118.6351,0.0000,0.7625,0.0000,0.4692,0,80
7,Kapalai House Reef,4.1330,118.6182,0.0000,0.7625,0.0000,0.4692,0,80
8,Kapalai Reef Flat,4.1300,118.6221,0.0000,0.7875,0.0000,0.4846,0,80
9,Bodgaya Reef North,4.6850,118.8502,0.2125,0.0000,0.0000,0.0166,17,80
10,Bodgaya Reef South,4.6750,118.8552,0.0000,0.0000,0.0000,0.0000,0,80
11,Boheydulang Wall,4.6330,118.8332,0.0000,0.0000,0.0000,0.0000,0,80
12,Boheydulang Lagoon,4.6280,118.8382,0.0000,0.0000,0.0000,0.0000,0,80
13,Sibuan Reef,4.6000,118.8502,0.0000,0.0000,0.0000,0.0000,0,80
14,Mantabuan Patch Reef,4.5830,118.8002,0.0000,0.0000,0.0000,0.0000,0,80
15,Tetagan Reef,4.5500,118.7831,0.0000,0.2125,0.0000,0.1308,0,80
16,Maiga Reef,4.6170,118.8672,0.0000,0.0000,0.0000,0.0000,0,80
17,Tagbalatang Reef,4.7250,119.2102,0.0000,0.0000,0.0000,0.0000,0,80
18,Tagbalatang North,4.7400,119.2002,0.0000,0.0000,0.0000,0.0000,0,80
19,Eastern Patch Reef 1,4.6220,119.2782,0.0000,0.0000,0.0000,0.0000,0,80
20,Eastern Patch Reef 2,4.6210,119.1452,0.0000,0.0000,0.0000,0.0000,0,80
21,Church Reef,4.6750,118.6492,0.0000,0.0000,0.0000,0.0000,0,80
22,Western Patch Reef,4.7350,118.2852,0.0000,0.0000,0.0000,0.0000,0,80
23,Western North Reef,4.7950,118.3002,0.0000,0.0000,0.0000,0.0000,0,80
24,Bum Bum Reef,4.4500,118.6502,0.0000,0.0000,0.0000,0.0000,0,80
25,Timbalan Reef,4.3330,118.7502,6.3875,0.0000,0.0000,0.5000,511,80
26,Kalampunian Reef,4.2000,118.5002,0.0000,0.0000,0.0000,0.0000,0,80
27,Semporna Port Reef,4.4800,118.6101,0.0000,0.0000,0.0000,0.0000,0,80
